/*SET IDENTITY_INSERT [BSO].[Area] ON 
GO
INSERT [BSO].[Area] ([ID], [Name], [DataverseRowID], [IsActive]) VALUES (1, N'ANZ', NULL, 1)
GO
INSERT [BSO].[Area] ([ID], [Name], [DataverseRowID], [IsActive]) VALUES (2, N'ASEAN', NULL, 1)
GO
INSERT [BSO].[Area] ([ID], [Name], [DataverseRowID], [IsActive]) VALUES (3, N'Canada', NULL, 1)
GO
INSERT [BSO].[Area] ([ID], [Name], [DataverseRowID], [IsActive]) VALUES (4, N'CEMA', NULL, 1)
GO
INSERT [BSO].[Area] ([ID], [Name], [DataverseRowID], [IsActive]) VALUES (5, N'France', NULL, 1)
GO
INSERT [BSO].[Area] ([ID], [Name], [DataverseRowID], [IsActive]) VALUES (6, N'Germany', NULL, 1)
GO
INSERT [BSO].[Area] ([ID], [Name], [DataverseRowID], [IsActive]) VALUES (7, N'Greater China', NULL, 1)
GO
INSERT [BSO].[Area] ([ID], [Name], [DataverseRowID], [IsActive]) VALUES (8, N'India', NULL, 1)
GO
INSERT [BSO].[Area] ([ID], [Name], [DataverseRowID], [IsActive]) VALUES (9, N'Japan', NULL, 1)
GO
INSERT [BSO].[Area] ([ID], [Name], [DataverseRowID], [IsActive]) VALUES (10, N'Korea', NULL, 1)
GO
INSERT [BSO].[Area] ([ID], [Name], [DataverseRowID], [IsActive]) VALUES (11, N'LATAM', NULL, 1)
GO
INSERT [BSO].[Area] ([ID], [Name], [DataverseRowID], [IsActive]) VALUES (12, N'Netherlands', NULL, 1)
GO
INSERT [BSO].[Area] ([ID], [Name], [DataverseRowID], [IsActive]) VALUES (13, N'Switzerland', NULL, 1)
GO
INSERT [BSO].[Area] ([ID], [Name], [DataverseRowID], [IsActive]) VALUES (14, N'UK', NULL, 1)
GO
INSERT [BSO].[Area] ([ID], [Name], [DataverseRowID], [IsActive]) VALUES (15, N'United States', NULL, 1)
GO
INSERT [BSO].[Area] ([ID], [Name], [DataverseRowID], [IsActive]) VALUES (16, N'Western Europe', NULL, 1)
GO
INSERT [BSO].[Area] ([ID], [Name], [DataverseRowID], [IsActive]) VALUES (17, N'LATAM', N'92832231-ddf2-ed11-8f6e-00224804c251', 1)
GO
INSERT [BSO].[Area] ([ID], [Name], [DataverseRowID], [IsActive]) VALUES (18, N'Greater China', N'52019e31-ddf2-ed11-8f6e-00224804c104', 1)
GO
INSERT [BSO].[Area] ([ID], [Name], [DataverseRowID], [IsActive]) VALUES (19, N'Switzerland', N'0a262d7a-2a31-ee11-bdf3-00224804c677', 1)
GO
INSERT [BSO].[Area] ([ID], [Name], [DataverseRowID], [IsActive]) VALUES (20, N'Netherlands', N'08262d7a-2a31-ee11-bdf3-00224804c677', 1)
GO
INSERT [BSO].[Area] ([ID], [Name], [DataverseRowID], [IsActive]) VALUES (21, N'CEMA', N'06262d7a-2a31-ee11-bdf3-00224804c677', 1)
GO
INSERT [BSO].[Area] ([ID], [Name], [DataverseRowID], [IsActive]) VALUES (22, N'ASEAN', N'04262d7a-2a31-ee11-bdf3-00224804c677', 1)
GO
INSERT [BSO].[Area] ([ID], [Name], [DataverseRowID], [IsActive]) VALUES (23, N'India', N'a5552331-ddf2-ed11-8f6e-00224804cbd0', 1)
GO
INSERT [BSO].[Area] ([ID], [Name], [DataverseRowID], [IsActive]) VALUES (24, N'Western Europe', N'a4552331-ddf2-ed11-8f6e-00224804cbd0', 1)
GO
INSERT [BSO].[Area] ([ID], [Name], [DataverseRowID], [IsActive]) VALUES (25, N'United States', N'ef7a2131-ddf2-ed11-8f6e-00224804c677', 1)
GO
INSERT [BSO].[Area] ([ID], [Name], [DataverseRowID], [IsActive]) VALUES (26, N'Japan', N'ee7a2131-ddf2-ed11-8f6e-00224804c677', 1)
GO
INSERT [BSO].[Area] ([ID], [Name], [DataverseRowID], [IsActive]) VALUES (27, N'ANZ', N'90832231-ddf2-ed11-8f6e-00224804c251', 1)
GO
INSERT [BSO].[Area] ([ID], [Name], [DataverseRowID], [IsActive]) VALUES (28, N'Korea', N'27e06d2e-ddf2-ed11-8f6e-00224804c0fc', 1)
GO
INSERT [BSO].[Area] ([ID], [Name], [DataverseRowID], [IsActive]) VALUES (29, N'UK', N'28e06d2e-ddf2-ed11-8f6e-00224804c0fc', 1)
GO
INSERT [BSO].[Area] ([ID], [Name], [DataverseRowID], [IsActive]) VALUES (30, N'Canada', N'91832231-ddf2-ed11-8f6e-00224804c251', 1)
GO
INSERT [BSO].[Area] ([ID], [Name], [DataverseRowID], [IsActive]) VALUES (31, N'France', N'a1552331-ddf2-ed11-8f6e-00224804cbd0', 1)
GO
INSERT [BSO].[Area] ([ID], [Name], [DataverseRowID], [IsActive]) VALUES (32, N'Germany', N'a0552331-ddf2-ed11-8f6e-00224804cbd0', 1)
GO
SET IDENTITY_INSERT [BSO].[Area] OFF
GO
SET IDENTITY_INSERT [BSO].[Role] ON 
GO
INSERT [BSO].[Role] ([ID], [Name], [DataverseRowID], [IsActive]) VALUES (1, N'Admin', N'fef75080-a701-44e7-9938-737a36669257', 1)
GO
INSERT [BSO].[Role] ([ID], [Name], [DataverseRowID], [IsActive]) VALUES (2, N'Non Seller', N'23f05a8d-d98e-ee11-be37-6045bd0550b6', 1)
GO
INSERT [BSO].[Role] ([ID], [Name], [DataverseRowID], [IsActive]) VALUES (3, N'SMC & DS Leader', N'7c676b9e-3688-ee11-be37-6045bd055ecb', 1)
GO
INSERT [BSO].[Role] ([ID], [Name], [DataverseRowID], [IsActive]) VALUES (4, N'Sales Manager', N'ad02bc91-3688-ee11-be37-6045bd055ecb', 1)
GO
INSERT [BSO].[Role] ([ID], [Name], [DataverseRowID], [IsActive]) VALUES (5, N'Seller', N'676dc27f-3688-ee11-be37-6045bd055ecb', 1)
GO
INSERT [BSO].[Role] ([ID], [Name], [DataverseRowID], [IsActive]) VALUES (6, N'Area BSO', N'2be06d2e-ddf2-ed11-8f6e-00224804c0fc', 1)
GO
INSERT [BSO].[Role] ([ID], [Name], [DataverseRowID], [IsActive]) VALUES (7, N'Global Partner Solutions', N'f37a2131-ddf2-ed11-8f6e-00224804c677', 1)
GO
SET IDENTITY_INSERT [BSO].[Role] OFF
GO
SET IDENTITY_INSERT [BSO].[Segment] ON 
GO
INSERT [BSO].[Segment] ([ID], [Name], [DataverseRowID], [IsActive]) VALUES (1, N'Test', N'fef75080-a701-44e7-9938-737a36669257', 1)
GO
INSERT [BSO].[Segment] ([ID], [Name], [DataverseRowID], [IsActive]) VALUES (2, N'SMC', N'51750579-1588-ee11-be37-6045bd055ced', 1)
GO
INSERT [BSO].[Segment] ([ID], [Name], [DataverseRowID], [IsActive]) VALUES (3, N'Enterprise', N'78ed4076-1588-ee11-be37-6045bd055638', 1)
GO
SET IDENTITY_INSERT [BSO].[Segment] OFF
GO
SET IDENTITY_INSERT [BSO].[SubSegment] ON 
GO
INSERT [BSO].[SubSegment] ([ID], [Name], [DataverseRowID], [IsActive], [Segment]) VALUES (1, N'Sub test', N'fef75080-a701-44e7-9938-737a36669257', 1, NULL)
GO
INSERT [BSO].[SubSegment] ([ID], [Name], [DataverseRowID], [IsActive], [Segment]) VALUES (2, N'SMC-C', N'5ed52161-1788-ee11-be37-6045bd055667', 1, 2)
GO
INSERT [BSO].[SubSegment] ([ID], [Name], [DataverseRowID], [IsActive], [Segment]) VALUES (3, N'SMB', N'4863aa40-1788-ee11-be37-6045bd055667', 1, 2)
GO
SET IDENTITY_INSERT [BSO].[SubSegment] OFF
GO
SET IDENTITY_INSERT [BSO].[UserADGroup] ON 
GO
INSERT [BSO].[UserADGroup] ([ID], [Name], [DataverseRowID], [IsActive]) VALUES (1, N'Owner', N'fef75080-a701-44e7-9938-737a36669257', 1)
GO
INSERT [BSO].[UserADGroup] ([ID], [Name], [DataverseRowID], [IsActive]) VALUES (2, N'MCAPSHelpV2_ServOwner1_Dev', N'3dfa7d83-d0fc-4d5f-89a9-634df7ba0ee5', 1)
GO
SET IDENTITY_INSERT [BSO].[UserADGroup] OFF
GO
INSERT [BSO].[ServiceMapping] ([ServiceID], [ServiceArea], [ServiceRole], [ServiceAzureADGroup], [ServiceSegment], [ServiceSubsegment], [DataverseRowID], [IsActive], [IsSecuredByAzureADGroup]) VALUES (1, 1, 1, 1, 1, 1, NULL, 1, 1)
GO
INSERT [BSO].[ServiceMapping] ([ServiceID], [ServiceArea], [ServiceRole], [ServiceAzureADGroup], [ServiceSegment], [ServiceSubsegment], [DataverseRowID], [IsActive], [IsSecuredByAzureADGroup]) VALUES (1, 2, 2, 2, 2, 2, N'3442084e-4ef3-4ad6-8c5a-ee331edbdcf8', 1, 0)
GO
INSERT [BSO].[ServiceMapping] ([ServiceID], [ServiceArea], [ServiceRole], [ServiceAzureADGroup], [ServiceSegment], [ServiceSubsegment], [DataverseRowID], [IsActive], [IsSecuredByAzureADGroup]) VALUES (3, 1, 1, 1, 1, 1, N'3442084e-4ef3-4ad6-8c5a-ee331edbdcf8', 1, 1)
GO
INSERT [BSO].[ServiceMapping] ([ServiceID], [ServiceArea], [ServiceRole], [ServiceAzureADGroup], [ServiceSegment], [ServiceSubsegment], [DataverseRowID], [IsActive], [IsSecuredByAzureADGroup]) VALUES (17, 1, 1, 2, 1, 1, N'3442084e-4ef3-4ad6-8c5a-ee331edbdcf8', 1, 0)
GO
INSERT [BSO].[ServiceMapping] ([ServiceID], [ServiceArea], [ServiceRole], [ServiceAzureADGroup], [ServiceSegment], [ServiceSubsegment], [DataverseRowID], [IsActive], [IsSecuredByAzureADGroup]) VALUES (19, 1, 1, 2, 1, 1, N'3442084e-4ef3-4ad6-8c5a-ee331edbdcf8', 1, 0)
GO
INSERT [BSO].[ServiceMapping] ([ServiceID], [ServiceArea], [ServiceRole], [ServiceAzureADGroup], [ServiceSegment], [ServiceSubsegment], [DataverseRowID], [IsActive], [IsSecuredByAzureADGroup]) VALUES (19, 2, 2, 2, 2, 2, N'3442084e-4ef3-4ad6-8c5a-ee331edbdcf8', 1, 0)
GO
INSERT [BSO].[ServiceMapping] ([ServiceID], [ServiceArea], [ServiceRole], [ServiceAzureADGroup], [ServiceSegment], [ServiceSubsegment], [DataverseRowID], [IsActive], [IsSecuredByAzureADGroup]) VALUES (21, 1, 1, 1, 1, 1, N'3442084e-4ef3-4ad6-8c5a-ee331edbdcf8', 1, 1)
GO
INSERT [BSO].[ServiceMapping] ([ServiceID], [ServiceArea], [ServiceRole], [ServiceAzureADGroup], [ServiceSegment], [ServiceSubsegment], [DataverseRowID], [IsActive], [IsSecuredByAzureADGroup]) VALUES (37, 1, 1, 1, 1, 1, N'3442084e-4ef3-4ad6-8c5a-ee331edbdcf8', 1, 1)
GO
INSERT [BSO].[ServiceMapping] ([ServiceID], [ServiceArea], [ServiceRole], [ServiceAzureADGroup], [ServiceSegment], [ServiceSubsegment], [DataverseRowID], [IsActive], [IsSecuredByAzureADGroup]) VALUES (38, 1, 1, 1, 1, 1, N'3442084e-4ef3-4ad6-8c5a-ee331edbdcf8', 1, 1)
GO
SET IDENTITY_INSERT [BSO].[UserADGroupMapping] ON 
GO
INSERT [BSO].[UserADGroupMapping] ([Id], [UserId], [UserADGroupID]) VALUES (1, 5, 1)
GO
INSERT [BSO].[UserADGroupMapping] ([Id], [UserId], [UserADGroupID]) VALUES (2, 5, 2)
GO
SET IDENTITY_INSERT [BSO].[UserADGroupMapping] OFF
GO
SET IDENTITY_INSERT [BSO].[ServiceOwner] ON 
GO
INSERT [BSO].[ServiceOwner] ([ID], [UPN], [IsActive]) VALUES (1, N'alyjones@microsoft.com', 1)
GO
INSERT [BSO].[ServiceOwner] ([ID], [UPN], [IsActive]) VALUES (2, N'rachelbaer@microsoft.com', 1)
GO
INSERT [BSO].[ServiceOwner] ([ID], [UPN], [IsActive]) VALUES (3, N'michrist@microsoft.com', 1)
GO
INSERT [BSO].[ServiceOwner] ([ID], [UPN], [IsActive]) VALUES (4, N'stepwilson@microsoft.com', 1)
GO
INSERT [BSO].[ServiceOwner] ([ID], [UPN], [IsActive]) VALUES (5, N'mselin@microsoft.com', 1)
GO
INSERT [BSO].[ServiceOwner] ([ID], [UPN], [IsActive]) VALUES (6, N'chluhar@microsoft.com', 1)
GO
INSERT [BSO].[ServiceOwner] ([ID], [UPN], [IsActive]) VALUES (7, N'bharatbatham@microsoft.com', 1)
GO
INSERT [BSO].[ServiceOwner] ([ID], [UPN], [IsActive]) VALUES (8, N'fabhatti@microsoft.com', 1)
GO
INSERT [BSO].[ServiceOwner] ([ID], [UPN], [IsActive]) VALUES (9, N'bethp@microsoft.com', 1)
GO
INSERT [BSO].[ServiceOwner] ([ID], [UPN], [IsActive]) VALUES (10, N'jawebe@microsoft.com', 1)
GO
SET IDENTITY_INSERT [BSO].[ServiceOwner] OFF
GO
INSERT [BSO].[ServiceOwnerServices] ([ServiceID], [ServiceOwnerID]) VALUES (1, 1)
GO
INSERT [BSO].[ServiceOwnerServices] ([ServiceID], [ServiceOwnerID]) VALUES (1, 9)
GO
INSERT [BSO].[ServiceOwnerServices] ([ServiceID], [ServiceOwnerID]) VALUES (1, 10)
GO
INSERT [BSO].[ServiceOwnerServices] ([ServiceID], [ServiceOwnerID]) VALUES (2, 2)
GO
INSERT [BSO].[ServiceOwnerServices] ([ServiceID], [ServiceOwnerID]) VALUES (3, 3)
GO
INSERT [BSO].[ServiceOwnerServices] ([ServiceID], [ServiceOwnerID]) VALUES (4, 4)
GO
INSERT [BSO].[ServiceOwnerServices] ([ServiceID], [ServiceOwnerID]) VALUES (15, 5)
GO
INSERT [BSO].[ServiceOwnerServices] ([ServiceID], [ServiceOwnerID]) VALUES (15, 3)
GO
INSERT [BSO].[ServiceOwnerServices] ([ServiceID], [ServiceOwnerID]) VALUES (16, 2)
GO
INSERT [BSO].[ServiceOwnerServices] ([ServiceID], [ServiceOwnerID]) VALUES (22, 2)
GO
INSERT [BSO].[ServiceOwnerServices] ([ServiceID], [ServiceOwnerID]) VALUES (23, 6)
GO
INSERT [BSO].[ServiceOwnerServices] ([ServiceID], [ServiceOwnerID]) VALUES (24, 7)
GO
INSERT [BSO].[ServiceOwnerServices] ([ServiceID], [ServiceOwnerID]) VALUES (24, 2)
GO
INSERT [BSO].[ServiceOwnerServices] ([ServiceID], [ServiceOwnerID]) VALUES (25, 7)
GO
INSERT [BSO].[ServiceOwnerServices] ([ServiceID], [ServiceOwnerID]) VALUES (25, 2)
GO
INSERT [BSO].[ServiceOwnerServices] ([ServiceID], [ServiceOwnerID]) VALUES (26, 2)
GO
INSERT [BSO].[ServiceOwnerServices] ([ServiceID], [ServiceOwnerID]) VALUES (27, 8)
GO
INSERT [BSO].[ServiceOwnerServices] ([ServiceID], [ServiceOwnerID]) VALUES (28, 2)
GO
INSERT [BSO].[ServiceOwnerServices] ([ServiceID], [ServiceOwnerID]) VALUES (29, 2)
GO
INSERT [BSO].[ServiceOwnerServices] ([ServiceID], [ServiceOwnerID]) VALUES (30, 7)
GO
INSERT [BSO].[ServiceOwnerServices] ([ServiceID], [ServiceOwnerID]) VALUES (31, 2)
GO
INSERT [BSO].[ServiceOwnerServices] ([ServiceID], [ServiceOwnerID]) VALUES (32, 2)
GO
INSERT [BSO].[ServiceOwnerServices] ([ServiceID], [ServiceOwnerID]) VALUES (33, 2)
GO
INSERT [BSO].[ServiceOwnerServices] ([ServiceID], [ServiceOwnerID]) VALUES (34, 2)
GO
INSERT [BSO].[ServiceOwnerServices] ([ServiceID], [ServiceOwnerID]) VALUES (35, 2)
GO
INSERT [BSO].[ServiceOwnerServices] ([ServiceID], [ServiceOwnerID]) VALUES (38, 2)
GO
INSERT [BSO].[ServiceOwnerServices] ([ServiceID], [ServiceOwnerID]) VALUES (39, 2)
GO
INSERT [BSO].[ServiceOwnerServices] ([ServiceID], [ServiceOwnerID]) VALUES (40, 2)
GO
INSERT [BSO].[ServiceOwnerServices] ([ServiceID], [ServiceOwnerID]) VALUES (41, 2)
GO
INSERT [BSO].[ServiceOwnerServices] ([ServiceID], [ServiceOwnerID]) VALUES (42, 2)
GO
INSERT [BSO].[ServiceOwnerServices] ([ServiceID], [ServiceOwnerID]) VALUES (44, 3)
GO
*/