{
    "$schema": "https://schema.management.azure.com/schemas/2015-01-01/deploymentParameters.json#",
    "contentVersion": "1.0.0.0",
    "parameters": {
        "factoryName": {
            "value": "testdfmct"
        },
        "pac_sql_prd_connectionString": {
            "value": "Integrated Security=False;Encrypt=True;Connection Timeout=30;Data Source=pac-sql-dev.database.windows.net;Initial Catalog=mctlocaldb"
        },
        "adb_rt_prd_accessToken": {
            "value": ""
        },
        "pac_syn_prd_connectionString": {
            "value": "Integrated Security=False;Encrypt=True;Connection Timeout=30;Data Source=pac-sql-dev.database.windows.net;Initial Catalog=mctdevdb"
        },
        "pac_dv_isp_prd_servicePrincipalCredential": {
            "value": ""
        },
        "HRDataLake_ADLSGen2_servicePrincipalCredential": {
            "value": ""
        },
        "adb_rt_prd_properties_typeProperties_existingClusterId": {
            "value": "0329-130051-raq4mx6p"
        },
        "pac_dv_isp_prd_properties_typeProperties_servicePrincipalId": {
            "value": "9f452c27-5eb4-46e6-a955-4781ef87f24a"
        },
        "HRDataLake_ADLSGen2_properties_typeProperties_url": {
            "value": "https://hcmlakeprod.dfs.core.windows.net"
        },
        "HRDataLake_ADLSGen2_properties_typeProperties_tenant": {
            "value": "72f988bf-86f1-41af-91ab-2d7cd011db47"
        },
        "HRDataLake_ADLSGen2_properties_typeProperties_servicePrincipalId": {
            "value": "9f452c27-5eb4-46e6-a955-4781ef87f24a"
        }
    }
}