{
    "$schema": "http://schema.management.azure.com/schemas/2015-01-01/deploymentTemplate.json#",
    "contentVersion": "1.0.0.0",
    "parameters": {
        "factoryName": {
            "type": "string",
            "metadata": "Data Factory name",
            "defaultValue": "testdfmct"
        }
    },
    "variables": {
        "factoryId": "[concat('Microsoft.DataFactory/factories/', parameters('factoryName'))]"
    },
    "resources": [
        {
            "name": "[concat(parameters('factoryName'), '/Isp_costcenter_staging_AzureSqlTable')]",
            "type": "Microsoft.DataFactory/factories/datasets",
            "apiVersion": "2018-06-01",
            "properties": {
                "linkedServiceName": {
                    "referenceName": "pac_sql_prd",
                    "type": "LinkedServiceReference"
                },
                "annotations": [],
                "type": "AzureSqlTable",
                "schema": [
                    {
                        "name": "createdby",
                        "type": "uniqueidentifier"
                    },
                    {
                        "name": "createdbyname",
                        "type": "nvarchar"
                    },
                    {
                        "name": "createdbyyominame",
                        "type": "nvarchar"
                    },
                    {
                        "name": "createdon",
                        "type": "datetime2",
                        "scale": 7
                    },
                    {
                        "name": "createdonbehalfby",
                        "type": "uniqueidentifier"
                    },
                    {
                        "name": "createdonbehalfbyname",
                        "type": "nvarchar"
                    },
                    {
                        "name": "createdonbehalfbyyominame",
                        "type": "nvarchar"
                    },
                    {
                        "name": "importsequencenumber",
                        "type": "int",
                        "precision": 10
                    },
                    {
                        "name": "isp_companycode",
                        "type": "uniqueidentifier"
                    },
                    {
                        "name": "isp_companycodename",
                        "type": "nvarchar"
                    },
                    {
                        "name": "isp_costcenterbegindate",
                        "type": "datetime2",
                        "scale": 7
                    },
                    {
                        "name": "isp_costcenterenddate",
                        "type": "datetime2",
                        "scale": 7
                    },
                    {
                        "name": "isp_costcenterid",
                        "type": "uniqueidentifier"
                    },
                    {
                        "name": "isp_costcentername",
                        "type": "nvarchar"
                    },
                    {
                        "name": "isp_country",
                        "type": "uniqueidentifier"
                    },
                    {
                        "name": "isp_countryname",
                        "type": "nvarchar"
                    },
                    {
                        "name": "isp_enddate",
                        "type": "datetime2",
                        "scale": 7
                    },
                    {
                        "name": "isp_fiscalyear",
                        "type": "int",
                        "precision": 10
                    },
                    {
                        "name": "isp_glcompanycode",
                        "type": "int",
                        "precision": 10
                    },
                    {
                        "name": "isp_name",
                        "type": "nvarchar"
                    },
                    {
                        "name": "isp_org",
                        "type": "uniqueidentifier"
                    },
                    {
                        "name": "isp_orgname",
                        "type": "nvarchar"
                    },
                    {
                        "name": "isp_profitcenter",
                        "type": "uniqueidentifier"
                    },
                    {
                        "name": "isp_profitcentername",
                        "type": "nvarchar"
                    },
                    {
                        "name": "isp_salesdistrict",
                        "type": "uniqueidentifier"
                    },
                    {
                        "name": "isp_salesdistrictname",
                        "type": "nvarchar"
                    },
                    {
                        "name": "isp_saleslocation",
                        "type": "uniqueidentifier"
                    },
                    {
                        "name": "isp_saleslocationname",
                        "type": "nvarchar"
                    },
                    {
                        "name": "isp_startdate",
                        "type": "datetime2",
                        "scale": 7
                    },
                    {
                        "name": "modifiedby",
                        "type": "uniqueidentifier"
                    },
                    {
                        "name": "modifiedbyname",
                        "type": "nvarchar"
                    },
                    {
                        "name": "modifiedbyyominame",
                        "type": "nvarchar"
                    },
                    {
                        "name": "modifiedon",
                        "type": "datetime2",
                        "scale": 7
                    },
                    {
                        "name": "modifiedonbehalfby",
                        "type": "uniqueidentifier"
                    },
                    {
                        "name": "modifiedonbehalfbyname",
                        "type": "nvarchar"
                    },
                    {
                        "name": "modifiedonbehalfbyyominame",
                        "type": "nvarchar"
                    },
                    {
                        "name": "organizationid",
                        "type": "uniqueidentifier"
                    },
                    {
                        "name": "organizationidname",
                        "type": "nvarchar"
                    },
                    {
                        "name": "overriddencreatedon",
                        "type": "datetime2",
                        "scale": 7
                    },
                    {
                        "name": "statecode",
                        "type": "int",
                        "precision": 10
                    },
                    {
                        "name": "statuscode",
                        "type": "int",
                        "precision": 10
                    },
                    {
                        "name": "timezoneruleversionnumber",
                        "type": "int",
                        "precision": 10
                    },
                    {
                        "name": "utcconversiontimezonecode",
                        "type": "int",
                        "precision": 10
                    },
                    {
                        "name": "versionnumber",
                        "type": "bigint",
                        "precision": 19
                    }
                ],
                "typeProperties": {
                    "schema": "dbo",
                    "table": "isp_costcenter_staging"
                }
            },
            "dependsOn": []
        },
        {
            "name": "[concat(parameters('factoryName'), '/Isp_country_DataverseEntity')]",
            "type": "Microsoft.DataFactory/factories/datasets",
            "apiVersion": "2018-06-01",
            "properties": {
                "linkedServiceName": {
                    "referenceName": "pac_dv_isp_prd",
                    "type": "LinkedServiceReference"
                },
                "annotations": [],
                "type": "CommonDataServiceForAppsEntity",
                "schema": [],
                "typeProperties": {
                    "entityName": "isp_country"
                }
            },
            "dependsOn": []
        },
        {
            "name": "[concat(parameters('factoryName'), '/Isp_qualifier2_staging_AzureSqlTable')]",
            "type": "Microsoft.DataFactory/factories/datasets",
            "apiVersion": "2018-06-01",
            "properties": {
                "linkedServiceName": {
                    "referenceName": "pac_sql_prd",
                    "type": "LinkedServiceReference"
                },
                "annotations": [],
                "type": "AzureSqlTable",
                "schema": [],
                "typeProperties": {
                    "schema": "dbo",
                    "table": "Isp_qualifier2_staging"
                }
            },
            "dependsOn": []
        },
        {
            "name": "[concat(parameters('factoryName'), '/DS_Lake_HRMD01CareerStage')]",
            "type": "Microsoft.DataFactory/factories/datasets",
            "apiVersion": "2018-06-01",
            "properties": {
                "linkedServiceName": {
                    "referenceName": "HRDataLake_ADLSGen2",
                    "type": "LinkedServiceReference"
                },
                "parameters": {
                    "HandShakeValue": {
                        "type": "string"
                    }
                },
                "annotations": [],
                "type": "Parquet",
                "typeProperties": {
                    "location": {
                        "type": "AzureBlobFSLocation",
                        "folderPath": {
                            "value": "@concat('HRMD01/HRMD01CareerStage/Full/',dataset().HandShakeValue)",
                            "type": "Expression"
                        },
                        "fileSystem": "publish"
                    },
                    "compressionCodec": "snappy"
                },
                "schema": []
            },
            "dependsOn": []
        },
        {
            "name": "[concat(parameters('factoryName'), '/DS_Lake_HRMD01Role')]",
            "type": "Microsoft.DataFactory/factories/datasets",
            "apiVersion": "2018-06-01",
            "properties": {
                "linkedServiceName": {
                    "referenceName": "HRDataLake_ADLSGen2",
                    "type": "LinkedServiceReference"
                },
                "parameters": {
                    "HandShakeValue": {
                        "type": "string"
                    }
                },
                "annotations": [],
                "type": "Parquet",
                "typeProperties": {
                    "location": {
                        "type": "AzureBlobFSLocation",
                        "folderPath": {
                            "value": "@concat('HRMD01/HRMD01Role/Full/',dataset().HandShakeValue)",
                            "type": "Expression"
                        },
                        "fileSystem": "publish"
                    },
                    "compressionCodec": "snappy"
                },
                "schema": []
            },
            "dependsOn": []
        },
        {
            "name": "[concat(parameters('factoryName'), '/Isp_worker_Dataverse')]",
            "type": "Microsoft.DataFactory/factories/datasets",
            "apiVersion": "2018-06-01",
            "properties": {
                "linkedServiceName": {
                    "referenceName": "pac_dv_isp_prd",
                    "type": "LinkedServiceReference"
                },
                "annotations": [],
                "type": "CommonDataServiceForAppsEntity",
                "schema": [],
                "typeProperties": {
                    "entityName": "isp_worker"
                }
            },
            "dependsOn": []
        },
        {
            "name": "[concat(parameters('factoryName'), '/DS_Lake_HRMD01CareerStageRole')]",
            "type": "Microsoft.DataFactory/factories/datasets",
            "apiVersion": "2018-06-01",
            "properties": {
                "linkedServiceName": {
                    "referenceName": "HRDataLake_ADLSGen2",
                    "type": "LinkedServiceReference"
                },
                "parameters": {
                    "HandShakeValue": {
                        "type": "string"
                    }
                },
                "annotations": [],
                "type": "Parquet",
                "typeProperties": {
                    "location": {
                        "type": "AzureBlobFSLocation",
                        "folderPath": {
                            "value": "@concat('HRMD01/HRMD01CareerStageRole/Full/',dataset().HandShakeValue)",
                            "type": "Expression"
                        },
                        "fileSystem": "publish"
                    },
                    "compressionCodec": "snappy"
                },
                "schema": []
            },
            "dependsOn": []
        },
        {
            "name": "[concat(parameters('factoryName'), '/isp_costcenter_DataverseEntity')]",
            "type": "Microsoft.DataFactory/factories/datasets",
            "apiVersion": "2018-06-01",
            "properties": {
                "linkedServiceName": {
                    "referenceName": "pac_dv_isp_prd",
                    "type": "LinkedServiceReference"
                },
                "annotations": [],
                "type": "CommonDataServiceForAppsEntity",
                "schema": [],
                "typeProperties": {
                    "entityName": "isp_costcenter"
                }
            },
            "dependsOn": []
        },
        {
            "name": "[concat(parameters('factoryName'), '/DS_Lake_Handshake')]",
            "type": "Microsoft.DataFactory/factories/datasets",
            "apiVersion": "2018-06-01",
            "properties": {
                "linkedServiceName": {
                    "referenceName": "HRDataLake_ADLSGen2",
                    "type": "LinkedServiceReference"
                },
                "annotations": [],
                "type": "Parquet",
                "typeProperties": {
                    "location": {
                        "type": "AzureBlobFSLocation",
                        "folderPath": "HRMD01/Handshake",
                        "fileSystem": "publish"
                    },
                    "compressionCodec": "snappy"
                },
                "schema": [
                    {
                        "name": "LatestFolderName",
                        "type": "UTF8"
                    }
                ]
            },
            "dependsOn": []
        },
        {
            "name": "[concat(parameters('factoryName'), '/Isp_jobrole_Staging_AzureSqlTable')]",
            "type": "Microsoft.DataFactory/factories/datasets",
            "apiVersion": "2018-06-01",
            "properties": {
                "linkedServiceName": {
                    "referenceName": "pac_sql_prd",
                    "type": "LinkedServiceReference"
                },
                "annotations": [],
                "type": "AzureSqlTable",
                "schema": [],
                "typeProperties": {
                    "schema": "dbo",
                    "table": "Isp_jobrole_staging"
                }
            },
            "dependsOn": []
        },
        {
            "name": "[concat(parameters('factoryName'), '/Isp_seller_Dataverse')]",
            "type": "Microsoft.DataFactory/factories/datasets",
            "apiVersion": "2018-06-01",
            "properties": {
                "linkedServiceName": {
                    "referenceName": "pac_dv_isp_prd",
                    "type": "LinkedServiceReference"
                },
                "annotations": [],
                "type": "CommonDataServiceForAppsEntity",
                "schema": [],
                "typeProperties": {
                    "entityName": "isp_seller"
                }
            },
            "dependsOn": []
        },
        {
            "name": "[concat(parameters('factoryName'), '/DS_Lake_HRMD01Qualifier1')]",
            "type": "Microsoft.DataFactory/factories/datasets",
            "apiVersion": "2018-06-01",
            "properties": {
                "linkedServiceName": {
                    "referenceName": "HRDataLake_ADLSGen2",
                    "type": "LinkedServiceReference"
                },
                "parameters": {
                    "HandShakeValue": {
                        "type": "string"
                    }
                },
                "annotations": [],
                "type": "Parquet",
                "typeProperties": {
                    "location": {
                        "type": "AzureBlobFSLocation",
                        "folderPath": {
                            "value": "@concat('HRMD01/HRMD01Qualifier1/Full/',dataset().HandShakeValue)",
                            "type": "Expression"
                        },
                        "fileSystem": "publish"
                    },
                    "compressionCodec": "snappy"
                },
                "schema": []
            },
            "dependsOn": []
        },
        {
            "name": "[concat(parameters('factoryName'), '/DS_MCT_EDM_Mapping')]",
            "type": "Microsoft.DataFactory/factories/datasets",
            "apiVersion": "2018-06-01",
            "properties": {
                "linkedServiceName": {
                    "referenceName": "pac_sql_prd",
                    "type": "LinkedServiceReference"
                },
                "annotations": [],
                "type": "AzureSqlTable",
                "schema": [
                    {
                        "name": "OrgCode",
                        "type": "nvarchar"
                    },
                    {
                        "name": "RoleSummary",
                        "type": "nvarchar"
                    },
                    {
                        "name": "Q1",
                        "type": "nvarchar"
                    },
                    {
                        "name": "Q2",
                        "type": "nvarchar"
                    },
                    {
                        "name": "IncentivePlan",
                        "type": "nvarchar"
                    }
                ],
                "typeProperties": {
                    "schema": "hr",
                    "table": "tmp_MCT_EDM_Mapping"
                }
            },
            "dependsOn": []
        },
        {
            "name": "[concat(parameters('factoryName'), '/PlanSeller_Dataverse')]",
            "type": "Microsoft.DataFactory/factories/datasets",
            "apiVersion": "2018-06-01",
            "properties": {
                "linkedServiceName": {
                    "referenceName": "pac_dv_isp_prd",
                    "type": "LinkedServiceReference"
                },
                "annotations": [],
                "type": "CommonDataServiceForAppsEntity",
                "schema": [],
                "typeProperties": {
                    "entityName": "edm_planseller"
                }
            },
            "dependsOn": []
        },
        {
            "name": "[concat(parameters('factoryName'), '/Isp_rolesummary_DataverseEntity')]",
            "type": "Microsoft.DataFactory/factories/datasets",
            "apiVersion": "2018-06-01",
            "properties": {
                "linkedServiceName": {
                    "referenceName": "pac_dv_isp_prd",
                    "type": "LinkedServiceReference"
                },
                "annotations": [],
                "type": "CommonDataServiceForAppsEntity",
                "schema": [],
                "typeProperties": {
                    "entityName": "isp_rolesummary"
                }
            },
            "dependsOn": []
        },
        {
            "name": "[concat(parameters('factoryName'), '/Isp_jobrole_Dataverse')]",
            "type": "Microsoft.DataFactory/factories/datasets",
            "apiVersion": "2018-06-01",
            "properties": {
                "linkedServiceName": {
                    "referenceName": "pac_dv_isp_prd",
                    "type": "LinkedServiceReference"
                },
                "annotations": [],
                "type": "CommonDataServiceForAppsEntity",
                "schema": [],
                "typeProperties": {
                    "entityName": "isp_jobrole"
                }
            },
            "dependsOn": []
        },
        {
            "name": "[concat(parameters('factoryName'), '/PlanSeller_Staging_AzureSqlTable')]",
            "type": "Microsoft.DataFactory/factories/datasets",
            "apiVersion": "2018-06-01",
            "properties": {
                "linkedServiceName": {
                    "referenceName": "pac_sql_prd",
                    "type": "LinkedServiceReference"
                },
                "annotations": [],
                "type": "AzureSqlTable",
                "schema": [],
                "typeProperties": {
                    "schema": "dbo",
                    "table": "PlanSeller_staging"
                }
            },
            "dependsOn": []
        },
        {
            "name": "[concat(parameters('factoryName'), '/Isp_Org_DataverseEntity')]",
            "type": "Microsoft.DataFactory/factories/datasets",
            "apiVersion": "2018-06-01",
            "properties": {
                "linkedServiceName": {
                    "referenceName": "pac_dv_isp_prd",
                    "type": "LinkedServiceReference"
                },
                "annotations": [],
                "type": "CommonDataServiceForAppsEntity",
                "schema": [],
                "typeProperties": {
                    "entityName": "isp_org"
                }
            },
            "dependsOn": []
        },
        {
            "name": "[concat(parameters('factoryName'), '/Isp_careerstage_staging_AzureSqlTable')]",
            "type": "Microsoft.DataFactory/factories/datasets",
            "apiVersion": "2018-06-01",
            "properties": {
                "linkedServiceName": {
                    "referenceName": "pac_sql_prd",
                    "type": "LinkedServiceReference"
                },
                "annotations": [],
                "type": "AzureSqlTable",
                "schema": [
                    {
                        "name": "createdby",
                        "type": "uniqueidentifier"
                    },
                    {
                        "name": "createdbyname",
                        "type": "nvarchar"
                    },
                    {
                        "name": "createdbyyominame",
                        "type": "nvarchar"
                    },
                    {
                        "name": "createdon",
                        "type": "datetime2",
                        "scale": 7
                    },
                    {
                        "name": "createdonbehalfby",
                        "type": "uniqueidentifier"
                    },
                    {
                        "name": "createdonbehalfbyname",
                        "type": "nvarchar"
                    },
                    {
                        "name": "createdonbehalfbyyominame",
                        "type": "nvarchar"
                    },
                    {
                        "name": "importsequencenumber",
                        "type": "int",
                        "precision": 10
                    },
                    {
                        "name": "isp_careerstagecode",
                        "type": "int",
                        "precision": 10
                    },
                    {
                        "name": "isp_careerstageid",
                        "type": "uniqueidentifier"
                    },
                    {
                        "name": "isp_name",
                        "type": "nvarchar"
                    },
                    {
                        "name": "modifiedby",
                        "type": "uniqueidentifier"
                    },
                    {
                        "name": "modifiedbyname",
                        "type": "nvarchar"
                    },
                    {
                        "name": "modifiedbyyominame",
                        "type": "nvarchar"
                    },
                    {
                        "name": "modifiedon",
                        "type": "datetime2",
                        "scale": 7
                    },
                    {
                        "name": "modifiedonbehalfby",
                        "type": "uniqueidentifier"
                    },
                    {
                        "name": "modifiedonbehalfbyname",
                        "type": "nvarchar"
                    },
                    {
                        "name": "modifiedonbehalfbyyominame",
                        "type": "nvarchar"
                    },
                    {
                        "name": "overriddencreatedon",
                        "type": "datetime2",
                        "scale": 7
                    },
                    {
                        "name": "ownerid",
                        "type": "uniqueidentifier"
                    },
                    {
                        "name": "owneridname",
                        "type": "nvarchar"
                    },
                    {
                        "name": "owneridtype",
                        "type": "nvarchar"
                    },
                    {
                        "name": "owneridyominame",
                        "type": "nvarchar"
                    },
                    {
                        "name": "owningbusinessunit",
                        "type": "uniqueidentifier"
                    },
                    {
                        "name": "owningbusinessunitname",
                        "type": "nvarchar"
                    },
                    {
                        "name": "owningteam",
                        "type": "nvarchar"
                    },
                    {
                        "name": "owninguser",
                        "type": "uniqueidentifier"
                    },
                    {
                        "name": "statecode",
                        "type": "int",
                        "precision": 10
                    },
                    {
                        "name": "statuscode",
                        "type": "int",
                        "precision": 10
                    },
                    {
                        "name": "timezoneruleversionnumber",
                        "type": "int",
                        "precision": 10
                    },
                    {
                        "name": "utcconversiontimezonecode",
                        "type": "int",
                        "precision": 10
                    },
                    {
                        "name": "versionnumber",
                        "type": "bigint",
                        "precision": 19
                    }
                ],
                "typeProperties": {
                    "schema": "dbo",
                    "table": "isp_careerstage_staging"
                }
            },
            "dependsOn": []
        },
        {
            "name": "[concat(parameters('factoryName'), '/Isp_discipline_Dataverseentity')]",
            "type": "Microsoft.DataFactory/factories/datasets",
            "apiVersion": "2018-06-01",
            "properties": {
                "linkedServiceName": {
                    "referenceName": "pac_dv_isp_prd",
                    "type": "LinkedServiceReference"
                },
                "annotations": [],
                "type": "CommonDataServiceForAppsEntity",
                "schema": [],
                "typeProperties": {
                    "entityName": "isp_discipline"
                }
            },
            "dependsOn": []
        }
    ]
}