{
    "$schema": "http://schema.management.azure.com/schemas/2015-01-01/deploymentTemplate.json#",
    "contentVersion": "1.0.0.0",
    "parameters": {
        "factoryName": {
            "type": "string",
            "metadata": "Data Factory name",
            "defaultValue": "testdfmct"
        },
        "pac_sql_prd_connectionString": {
            "type": "secureString",
            "metadata": "Secure string for 'connectionString' of 'pac_sql_prd'",
            "defaultValue": "Integrated Security=False;Encrypt=True;Connection Timeout=30;Data Source=pac-sql-dev.database.windows.net;Initial Catalog=mctlocaldb"
        },
        "adb_rt_prd_accessToken": {
            "type": "secureString",
            "metadata": "Secure string for 'accessToken' of 'adb_rt_prd'"
        },
        "pac_syn_prd_connectionString": {
            "type": "secureString",
            "metadata": "Secure string for 'connectionString' of 'pac_syn_prd'",
            "defaultValue": "Integrated Security=False;Encrypt=True;Connection Timeout=30;Data Source=pac-sql-dev.database.windows.net;Initial Catalog=mctdevdb"
        },
        "pac_dv_isp_prd_servicePrincipalCredential": {
            "type": "secureString",
            "metadata": "Secure string for 'servicePrincipalCredential' of 'pac_dv_isp_prd'"
        },
        "HRDataLake_ADLSGen2_servicePrincipalCredential": {
            "type": "secureString",
            "metadata": "Secure string for 'servicePrincipalCredential' of 'HRDataLake_ADLSGen2'"
        },
        "adb_rt_prd_properties_typeProperties_existingClusterId": {
            "type": "string",
            "defaultValue": "0329-130051-raq4mx6p"
        },
        "pac_dv_isp_prd_properties_typeProperties_servicePrincipalId": {
            "type": "string",
            "defaultValue": "9f452c27-5eb4-46e6-a955-4781ef87f24a"
        },
        "HRDataLake_ADLSGen2_properties_typeProperties_url": {
            "type": "string",
            "defaultValue": "https://hcmlakeprod.dfs.core.windows.net"
        },
        "HRDataLake_ADLSGen2_properties_typeProperties_tenant": {
            "type": "string",
            "defaultValue": "72f988bf-86f1-41af-91ab-2d7cd011db47"
        },
        "HRDataLake_ADLSGen2_properties_typeProperties_servicePrincipalId": {
            "type": "string",
            "defaultValue": "9f452c27-5eb4-46e6-a955-4781ef87f24a"
        }
    },
    "variables": {
        "factoryId": "[concat('Microsoft.DataFactory/factories/', parameters('factoryName'))]"
    },
    "resources": [
        {
            "name": "[concat(parameters('factoryName'), '/pac_sql_prd')]",
            "type": "Microsoft.DataFactory/factories/linkedServices",
            "apiVersion": "2018-06-01",
            "properties": {
                "annotations": [],
                "type": "AzureSqlDatabase",
                "typeProperties": {
                    "connectionString": "[parameters('pac_sql_prd_connectionString')]"
                }
            },
            "dependsOn": []
        },
        {
            "name": "[concat(parameters('factoryName'), '/adb_rt_prd')]",
            "type": "Microsoft.DataFactory/factories/linkedServices",
            "apiVersion": "2018-06-01",
            "properties": {
                "annotations": [],
                "type": "AzureDatabricks",
                "typeProperties": {
                    "domain": "https://adb-1060350459816734.14.azuredatabricks.net",
                    "accessToken": {
                        "type": "SecureString",
                        "value": "[parameters('adb_rt_prd_accessToken')]"
                    },
                    "existingClusterId": "[parameters('adb_rt_prd_properties_typeProperties_existingClusterId')]"
                }
            },
            "dependsOn": []
        },
        {
            "name": "[concat(parameters('factoryName'), '/pac_syn_prd')]",
            "type": "Microsoft.DataFactory/factories/linkedServices",
            "apiVersion": "2018-06-01",
            "properties": {
                "annotations": [],
                "type": "AzureSqlDW",
                "typeProperties": {
                    "connectionString": "[parameters('pac_syn_prd_connectionString')]"
                }
            },
            "dependsOn": []
        },
        {
            "name": "[concat(parameters('factoryName'), '/pac_dv_isp_prd')]",
            "type": "Microsoft.DataFactory/factories/linkedServices",
            "apiVersion": "2018-06-01",
            "properties": {
                "annotations": [],
                "type": "CommonDataServiceForApps",
                "typeProperties": {
                    "deploymentType": "Online",
                    "serviceUri": "https://ispuat.crm.dynamics.com/",
                    "authenticationType": "AADServicePrincipal",
                    "servicePrincipalId": "[parameters('pac_dv_isp_prd_properties_typeProperties_servicePrincipalId')]",
                    "servicePrincipalCredential": {
                        "type": "SecureString",
                        "value": "[parameters('pac_dv_isp_prd_servicePrincipalCredential')]"
                    },
                    "servicePrincipalCredentialType": "ServicePrincipalKey"
                }
            },
            "dependsOn": []
        },
        {
            "name": "[concat(parameters('factoryName'), '/HRDataLake_ADLSGen2')]",
            "type": "Microsoft.DataFactory/factories/linkedServices",
            "apiVersion": "2018-06-01",
            "properties": {
                "annotations": [],
                "type": "AzureBlobFS",
                "typeProperties": {
                    "url": "[parameters('HRDataLake_ADLSGen2_properties_typeProperties_url')]",
                    "tenant": "[parameters('HRDataLake_ADLSGen2_properties_typeProperties_tenant')]",
                    "servicePrincipalId": "[parameters('HRDataLake_ADLSGen2_properties_typeProperties_servicePrincipalId')]",
                    "servicePrincipalCredentialType": "ServicePrincipalKey",
                    "servicePrincipalCredential": {
                        "type": "SecureString",
                        "value": "[parameters('HRDataLake_ADLSGen2_servicePrincipalCredential')]"
                    }
                }
            },
            "dependsOn": []
        },
        {
            "name": "[concat(parameters('factoryName'), '/Revenue_Tracker_MSS_Pull')]",
            "type": "Microsoft.DataFactory/factories/pipelines",
            "apiVersion": "2018-06-01",
            "properties": {
                "activities": [
                    {
                        "name": "MSS_Pull",
                        "type": "DatabricksNotebook",
                        "dependsOn": [],
                        "policy": {
                            "timeout": "0.12:00:00",
                            "retry": 0,
                            "retryIntervalInSeconds": 30,
                            "secureOutput": false,
                            "secureInput": false
                        },
                        "userProperties": [],
                        "typeProperties": {
                            "notebookPath": "/RevenueTracker/SESMT Tables"
                        },
                        "linkedServiceName": {
                            "referenceName": "adb_rt_prd",
                            "type": "LinkedServiceReference"
                        }
                    }
                ],
                "policy": {
                    "elapsedTimeMetric": {}
                },
                "annotations": [],
                "lastPublishTime": "2023-11-24T14:42:11Z"
            },
            "dependsOn": [
                "[concat(variables('factoryId'), '/linkedServices/adb_rt_prd')]"
            ]
        },
        {
            "name": "[concat(parameters('factoryName'), '/MCT_SendRowCount')]",
            "type": "Microsoft.DataFactory/factories/pipelines",
            "apiVersion": "2018-06-01",
            "properties": {
                "activities": [
                    {
                        "name": "SendRowCountReport",
                        "type": "SqlServerStoredProcedure",
                        "dependsOn": [],
                        "policy": {
                            "timeout": "7.00:00:00",
                            "retry": 0,
                            "retryIntervalInSeconds": 30,
                            "secureOutput": false,
                            "secureInput": false
                        },
                        "userProperties": [],
                        "typeProperties": {
                            "storedProcedureName": "[[dbo].[SendRowCountReport]"
                        },
                        "linkedServiceName": {
                            "referenceName": "pac_sql_prd",
                            "type": "LinkedServiceReference"
                        }
                    }
                ],
                "policy": {
                    "elapsedTimeMetric": {}
                },
                "folder": {
                    "name": "MCT"
                },
                "annotations": [],
                "lastPublishTime": "2023-11-24T14:42:12Z"
            },
            "dependsOn": [
                "[concat(variables('factoryId'), '/linkedServices/pac_sql_prd')]"
            ]
        },
        {
            "name": "[concat(parameters('factoryName'), '/Isp_worker_staging_AzureSqlTable')]",
            "type": "Microsoft.DataFactory/factories/datasets",
            "apiVersion": "2018-06-01",
            "properties": {
                "linkedServiceName": {
                    "referenceName": "pac_sql_prd",
                    "type": "LinkedServiceReference"
                },
                "annotations": [],
                "type": "AzureSqlTable",
                "schema": [],
                "typeProperties": {
                    "schema": "dbo",
                    "table": "Isp_worker_staging"
                }
            },
            "dependsOn": [
                "[concat(variables('factoryId'), '/linkedServices/pac_sql_prd')]"
            ]
        },
        {
            "name": "[concat(parameters('factoryName'), '/Isp_seller_staging_AzureSqlTabl')]",
            "type": "Microsoft.DataFactory/factories/datasets",
            "apiVersion": "2018-06-01",
            "properties": {
                "linkedServiceName": {
                    "referenceName": "pac_sql_prd",
                    "type": "LinkedServiceReference"
                },
                "annotations": [],
                "type": "AzureSqlTable",
                "schema": [],
                "typeProperties": {
                    "schema": "dbo",
                    "table": "Isp_seller_staging"
                }
            },
            "dependsOn": [
                "[concat(variables('factoryId'), '/linkedServices/pac_sql_prd')]"
            ]
        },
        {
            "name": "[concat(parameters('factoryName'), '/isp_careerstage_DataverseEntity')]",
            "type": "Microsoft.DataFactory/factories/datasets",
            "apiVersion": "2018-06-01",
            "properties": {
                "linkedServiceName": {
                    "referenceName": "pac_dv_isp_prd",
                    "type": "LinkedServiceReference"
                },
                "annotations": [],
                "type": "CommonDataServiceForAppsEntity",
                "schema": [],
                "typeProperties": {
                    "entityName": "isp_careerstage"
                }
            },
            "dependsOn": [
                "[concat(variables('factoryId'), '/linkedServices/pac_dv_isp_prd')]"
            ]
        },
        {
            "name": "[concat(parameters('factoryName'), '/Isp_country_staging_AzureSqlTable')]",
            "type": "Microsoft.DataFactory/factories/datasets",
            "apiVersion": "2018-06-01",
            "properties": {
                "linkedServiceName": {
                    "referenceName": "pac_sql_prd",
                    "type": "LinkedServiceReference"
                },
                "annotations": [],
                "type": "AzureSqlTable",
                "schema": [],
                "typeProperties": {
                    "schema": "dbo",
                    "table": "Isp_country_staging"
                }
            },
            "dependsOn": [
                "[concat(variables('factoryId'), '/linkedServices/pac_sql_prd')]"
            ]
        },
        {
            "name": "[concat(parameters('factoryName'), '/DS_Lake_HRMD01Qualifier2')]",
            "type": "Microsoft.DataFactory/factories/datasets",
            "apiVersion": "2018-06-01",
            "properties": {
                "linkedServiceName": {
                    "referenceName": "HRDataLake_ADLSGen2",
                    "type": "LinkedServiceReference"
                },
                "parameters": {
                    "HandShakeValue": {
                        "type": "string"
                    }
                },
                "annotations": [],
                "type": "Parquet",
                "typeProperties": {
                    "location": {
                        "type": "AzureBlobFSLocation",
                        "folderPath": {
                            "value": "@concat('HRMD01/HRMD01Qualifier2/Full/',dataset().HandShakeValue)",
                            "type": "Expression"
                        },
                        "fileSystem": "publish"
                    },
                    "compressionCodec": "snappy"
                },
                "schema": []
            },
            "dependsOn": [
                "[concat(variables('factoryId'), '/linkedServices/HRDataLake_ADLSGen2')]"
            ]
        },
        {
            "name": "[concat(parameters('factoryName'), '/Isp_rolesummary_Staging_AzureSqlTable')]",
            "type": "Microsoft.DataFactory/factories/datasets",
            "apiVersion": "2018-06-01",
            "properties": {
                "linkedServiceName": {
                    "referenceName": "pac_sql_prd",
                    "type": "LinkedServiceReference"
                },
                "annotations": [],
                "type": "AzureSqlTable",
                "schema": [],
                "typeProperties": {
                    "schema": "dbo",
                    "table": "Isp_rolesummary_staging"
                }
            },
            "dependsOn": [
                "[concat(variables('factoryId'), '/linkedServices/pac_sql_prd')]"
            ]
        },
        {
            "name": "[concat(parameters('factoryName'), '/isp_qualifier1_DataverseEntity')]",
            "type": "Microsoft.DataFactory/factories/datasets",
            "apiVersion": "2018-06-01",
            "properties": {
                "linkedServiceName": {
                    "referenceName": "pac_dv_isp_prd",
                    "type": "LinkedServiceReference"
                },
                "annotations": [],
                "type": "CommonDataServiceForAppsEntity",
                "schema": [],
                "typeProperties": {
                    "entityName": "isp_qualifier1"
                }
            },
            "dependsOn": [
                "[concat(variables('factoryId'), '/linkedServices/pac_dv_isp_prd')]"
            ]
        },
        {
            "name": "[concat(parameters('factoryName'), '/DS_Lake_HRMD01STIP')]",
            "type": "Microsoft.DataFactory/factories/datasets",
            "apiVersion": "2018-06-01",
            "properties": {
                "linkedServiceName": {
                    "referenceName": "HRDataLake_ADLSGen2",
                    "type": "LinkedServiceReference"
                },
                "parameters": {
                    "HandShakeValue": {
                        "type": "string"
                    }
                },
                "annotations": [],
                "type": "Parquet",
                "typeProperties": {
                    "location": {
                        "type": "AzureBlobFSLocation",
                        "folderPath": {
                            "value": "@concat('HRMD01/HRMD01STIP/Full/',dataset().HandShakeValue)",
                            "type": "Expression"
                        },
                        "fileSystem": "publish"
                    },
                    "compressionCodec": "snappy"
                },
                "schema": []
            },
            "dependsOn": [
                "[concat(variables('factoryId'), '/linkedServices/HRDataLake_ADLSGen2')]"
            ]
        },
        {
            "name": "[concat(parameters('factoryName'), '/isp_qualifier1_staging_AzureSqlTable')]",
            "type": "Microsoft.DataFactory/factories/datasets",
            "apiVersion": "2018-06-01",
            "properties": {
                "linkedServiceName": {
                    "referenceName": "pac_sql_prd",
                    "type": "LinkedServiceReference"
                },
                "annotations": [],
                "type": "AzureSqlTable",
                "schema": [],
                "typeProperties": {
                    "schema": "dbo",
                    "table": "Isp_qualifier1_staging"
                }
            },
            "dependsOn": [
                "[concat(variables('factoryId'), '/linkedServices/pac_sql_prd')]"
            ]
        },
        {
            "name": "[concat(parameters('factoryName'), '/ISP_Org_Staging_AzureSqlTable')]",
            "type": "Microsoft.DataFactory/factories/datasets",
            "apiVersion": "2018-06-01",
            "properties": {
                "linkedServiceName": {
                    "referenceName": "pac_sql_prd",
                    "type": "LinkedServiceReference"
                },
                "annotations": [],
                "type": "AzureSqlTable",
                "schema": [],
                "typeProperties": {
                    "schema": "dbo",
                    "table": "Isp_Org_staging"
                }
            },
            "dependsOn": [
                "[concat(variables('factoryId'), '/linkedServices/pac_sql_prd')]"
            ]
        },
        {
            "name": "[concat(parameters('factoryName'), '/Isp_qualifier2_DataverseEntity')]",
            "type": "Microsoft.DataFactory/factories/datasets",
            "apiVersion": "2018-06-01",
            "properties": {
                "linkedServiceName": {
                    "referenceName": "pac_dv_isp_prd",
                    "type": "LinkedServiceReference"
                },
                "annotations": [],
                "type": "CommonDataServiceForAppsEntity",
                "schema": [],
                "typeProperties": {
                    "entityName": "isp_qualifier2"
                }
            },
            "dependsOn": [
                "[concat(variables('factoryId'), '/linkedServices/pac_dv_isp_prd')]"
            ]
        },
        {
            "name": "[concat(parameters('factoryName'), '/Isp_incentiveplan_AzureSqlTable')]",
            "type": "Microsoft.DataFactory/factories/datasets",
            "apiVersion": "2018-06-01",
            "properties": {
                "linkedServiceName": {
                    "referenceName": "pac_sql_prd",
                    "type": "LinkedServiceReference"
                },
                "annotations": [],
                "type": "AzureSqlTable",
                "schema": [
                    {
                        "name": "createdby",
                        "type": "uniqueidentifier"
                    },
                    {
                        "name": "createdbyname",
                        "type": "nvarchar"
                    },
                    {
                        "name": "createdbyyominame",
                        "type": "nvarchar"
                    },
                    {
                        "name": "createdon",
                        "type": "datetime2",
                        "scale": 7
                    },
                    {
                        "name": "createdonbehalfby",
                        "type": "uniqueidentifier"
                    },
                    {
                        "name": "createdonbehalfbyname",
                        "type": "nvarchar"
                    },
                    {
                        "name": "createdonbehalfbyyominame",
                        "type": "nvarchar"
                    },
                    {
                        "name": "importsequencenumber",
                        "type": "int",
                        "precision": 10
                    },
                    {
                        "name": "isp_enddate",
                        "type": "datetime2",
                        "scale": 7
                    },
                    {
                        "name": "isp_incentivecode",
                        "type": "nvarchar"
                    },
                    {
                        "name": "isp_incentiveplanid",
                        "type": "uniqueidentifier"
                    },
                    {
                        "name": "isp_incentiveplantype",
                        "type": "int",
                        "precision": 10
                    },
                    {
                        "name": "isp_name",
                        "type": "nvarchar"
                    },
                    {
                        "name": "isp_startdate",
                        "type": "datetime2",
                        "scale": 7
                    },
                    {
                        "name": "modifiedby",
                        "type": "uniqueidentifier"
                    },
                    {
                        "name": "modifiedbyname",
                        "type": "nvarchar"
                    },
                    {
                        "name": "modifiedbyyominame",
                        "type": "nvarchar"
                    },
                    {
                        "name": "modifiedon",
                        "type": "datetime2",
                        "scale": 7
                    },
                    {
                        "name": "modifiedonbehalfby",
                        "type": "uniqueidentifier"
                    },
                    {
                        "name": "modifiedonbehalfbyname",
                        "type": "nvarchar"
                    },
                    {
                        "name": "modifiedonbehalfbyyominame",
                        "type": "nvarchar"
                    },
                    {
                        "name": "organizationid",
                        "type": "uniqueidentifier"
                    },
                    {
                        "name": "organizationidname",
                        "type": "nvarchar"
                    },
                    {
                        "name": "overriddencreatedon",
                        "type": "datetime2",
                        "scale": 7
                    },
                    {
                        "name": "statecode",
                        "type": "int",
                        "precision": 10
                    },
                    {
                        "name": "statuscode",
                        "type": "int",
                        "precision": 10
                    },
                    {
                        "name": "timezoneruleversionnumber",
                        "type": "int",
                        "precision": 10
                    },
                    {
                        "name": "utcconversiontimezonecode",
                        "type": "int",
                        "precision": 10
                    },
                    {
                        "name": "versionnumber",
                        "type": "bigint",
                        "precision": 19
                    }
                ],
                "typeProperties": {
                    "schema": "dbo",
                    "table": "isp_incentiveplan_staging"
                }
            },
            "dependsOn": [
                "[concat(variables('factoryId'), '/linkedServices/pac_sql_prd')]"
            ]
        },
        {
            "name": "[concat(parameters('factoryName'), '/isp_incentiveplan_DataverseEntity')]",
            "type": "Microsoft.DataFactory/factories/datasets",
            "apiVersion": "2018-06-01",
            "properties": {
                "linkedServiceName": {
                    "referenceName": "pac_dv_isp_prd",
                    "type": "LinkedServiceReference"
                },
                "annotations": [],
                "type": "CommonDataServiceForAppsEntity",
                "schema": [],
                "typeProperties": {
                    "entityName": "isp_incentiveplan"
                }
            },
            "dependsOn": [
                "[concat(variables('factoryId'), '/linkedServices/pac_dv_isp_prd')]"
            ]
        }
    ]
}