{
    "$schema": "http://schema.management.azure.com/schemas/2015-01-01/deploymentTemplate.json#",
    "contentVersion": "1.0.0.0",
    "parameters": {
        "factoryName": {
            "type": "string",
            "metadata": "Data Factory name",
            "defaultValue": "testdfmct"
        },
        "pac_sql_prd_connectionString": {
            "type": "secureString",
            "metadata": "Secure string for 'connectionString' of 'pac_sql_prd'",
            "defaultValue": "Integrated Security=False;Encrypt=True;Connection Timeout=30;Data Source=pac-sql-dev.database.windows.net;Initial Catalog=mctlocaldb"
        },
        "adb_rt_prd_accessToken": {
            "type": "secureString",
            "metadata": "Secure string for 'accessToken' of 'adb_rt_prd'"
        },
        "pac_syn_prd_connectionString": {
            "type": "secureString",
            "metadata": "Secure string for 'connectionString' of 'pac_syn_prd'",
            "defaultValue": "Integrated Security=False;Encrypt=True;Connection Timeout=30;Data Source=pac-sql-dev.database.windows.net;Initial Catalog=mctdevdb"
        },
        "pac_dv_isp_prd_servicePrincipalCredential": {
            "type": "secureString",
            "metadata": "Secure string for 'servicePrincipalCredential' of 'pac_dv_isp_prd'"
        },
        "HRDataLake_ADLSGen2_servicePrincipalCredential": {
            "type": "secureString",
            "metadata": "Secure string for 'servicePrincipalCredential' of 'HRDataLake_ADLSGen2'"
        },
        "adb_rt_prd_properties_typeProperties_existingClusterId": {
            "type": "string",
            "defaultValue": "0329-130051-raq4mx6p"
        },
        "pac_dv_isp_prd_properties_typeProperties_servicePrincipalId": {
            "type": "string",
            "defaultValue": "9f452c27-5eb4-46e6-a955-4781ef87f24a"
        },
        "HRDataLake_ADLSGen2_properties_typeProperties_url": {
            "type": "string",
            "defaultValue": "https://hcmlakeprod.dfs.core.windows.net"
        },
        "HRDataLake_ADLSGen2_properties_typeProperties_tenant": {
            "type": "string",
            "defaultValue": "72f988bf-86f1-41af-91ab-2d7cd011db47"
        },
        "HRDataLake_ADLSGen2_properties_typeProperties_servicePrincipalId": {
            "type": "string",
            "defaultValue": "9f452c27-5eb4-46e6-a955-4781ef87f24a"
        },
        "containerUri": {
            "type": "string",
            "metadata": "URI to storage account containing linked ARM templates"
        },
        "containerSasToken": {
            "type": "string",
            "metadata": "Sas token to storage account containing linked ARM templates"
        }
    },
    "variables": {
        "factoryId": "[concat('Microsoft.DataFactory/factories/', parameters('factoryName'))]"
    },
    "resources": [
        {
            "name": "testdfmct_ArmTemplate_0",
            "type": "Microsoft.Resources/deployments",
            "apiVersion": "2018-02-01",
            "properties": {
                "mode": "incremental",
                "templateLink": {
                    "uri": "[concat(parameters('containerUri'), '/ArmTemplate_0.json', parameters('containerSasToken'))]",
                    "contentVersion": "1.0.0.0"
                },
                "parameters": {
                    "factoryName": {
                        "value": "[parameters('factoryName')]"
                    },
                    "pac_sql_prd_connectionString": {
                        "value": "[parameters('pac_sql_prd_connectionString')]"
                    },
                    "adb_rt_prd_accessToken": {
                        "value": "[parameters('adb_rt_prd_accessToken')]"
                    },
                    "pac_syn_prd_connectionString": {
                        "value": "[parameters('pac_syn_prd_connectionString')]"
                    },
                    "pac_dv_isp_prd_servicePrincipalCredential": {
                        "value": "[parameters('pac_dv_isp_prd_servicePrincipalCredential')]"
                    },
                    "HRDataLake_ADLSGen2_servicePrincipalCredential": {
                        "value": "[parameters('HRDataLake_ADLSGen2_servicePrincipalCredential')]"
                    },
                    "adb_rt_prd_properties_typeProperties_existingClusterId": {
                        "value": "[parameters('adb_rt_prd_properties_typeProperties_existingClusterId')]"
                    },
                    "pac_dv_isp_prd_properties_typeProperties_servicePrincipalId": {
                        "value": "[parameters('pac_dv_isp_prd_properties_typeProperties_servicePrincipalId')]"
                    },
                    "HRDataLake_ADLSGen2_properties_typeProperties_url": {
                        "value": "[parameters('HRDataLake_ADLSGen2_properties_typeProperties_url')]"
                    },
                    "HRDataLake_ADLSGen2_properties_typeProperties_tenant": {
                        "value": "[parameters('HRDataLake_ADLSGen2_properties_typeProperties_tenant')]"
                    },
                    "HRDataLake_ADLSGen2_properties_typeProperties_servicePrincipalId": {
                        "value": "[parameters('HRDataLake_ADLSGen2_properties_typeProperties_servicePrincipalId')]"
                    }
                }
            },
            "dependsOn": []
        },
        {
            "name": "testdfmct_ArmTemplate_1",
            "type": "Microsoft.Resources/deployments",
            "apiVersion": "2018-02-01",
            "properties": {
                "mode": "incremental",
                "templateLink": {
                    "uri": "[concat(parameters('containerUri'), '/ArmTemplate_1.json', parameters('containerSasToken'))]",
                    "contentVersion": "1.0.0.0"
                },
                "parameters": {
                    "factoryName": {
                        "value": "[parameters('factoryName')]"
                    }
                }
            },
            "dependsOn": [
                "[resourceId('Microsoft.Resources/deployments', 'testdfmct_ArmTemplate_0')]"
            ]
        },
        {
            "name": "testdfmct_ArmTemplate_2",
            "type": "Microsoft.Resources/deployments",
            "apiVersion": "2018-02-01",
            "properties": {
                "mode": "incremental",
                "templateLink": {
                    "uri": "[concat(parameters('containerUri'), '/ArmTemplate_2.json', parameters('containerSasToken'))]",
                    "contentVersion": "1.0.0.0"
                },
                "parameters": {
                    "factoryName": {
                        "value": "[parameters('factoryName')]"
                    }
                }
            },
            "dependsOn": [
                "[resourceId('Microsoft.Resources/deployments', 'testdfmct_ArmTemplate_1')]"
            ]
        }
    ]
}